well,tile,fraction of cells mapping to 1 barcode
A1,1,0.43735763097949887
A1,100,0.41483268013265
A2,1,0.4372623574144487
A2,100,0.2978465271458902
