well,tile,fraction of cells mapping to >=1 barcode
A1,1,0.5017897819720143
A1,100,0.4748266505878806
A2,1,0.508871989860583
A2,100,0.32302092811646954
